{
  "variants": {
    "facing=east": {
      "model": "minecraft:block/jack_o_lantern",
      "y": 90
    },
    "facing=north": {
      "model": "minecraft:block/jack_o_lantern"
    },
    "facing=south": {
      "model": "minecraft:block/jack_o_lantern",
      "y": 180
    },
    "facing=west": {
      "model": "minecraft:block/jack_o_lantern",
      "y": 270
    }
  },
  "overrides":[
    {
      "predicate": {
        "custom_model_data":1
      },
      "model": "minecraft:block/_angle-stone"
    } 
  ]
}
