{"stats":{"minecraft:used":{"minecraft:oak_log":12,"minecraft:netherite_block":33,"minecraft:water_bucket":3,"minecraft:green_concrete":30,"minecraft:red_sand":45,"minecraft:grass_block":306,"minecraft:carved_pumpkin":96,"minecraft:redstone_ore":1,"minecraft:red_concrete":19,"minecraft:barrier":139,"minecraft:oak_planks":22,"minecraft:stone":208,"minecraft:crimson_planks":21,"minecraft:stone_brick_stairs":3,"minecraft:stone_bricks":763,"minecraft:item_frame":602,"minecraft:oak_door":6,"minecraft:anvil":1,"minecraft:dirt":69,"minecraft:cobblestone":161,"minecraft:yellow_concrete":22,"minecraft:pink_stained_glass":27,"minecraft:magenta_glazed_terracotta":10},"minecraft:custom":{"minecraft:time_since_rest":18843,"minecraft:sprint_one_cm":2392,"minecraft:walk_one_cm":64350,"minecraft:interact_with_anvil":1,"minecraft:fly_one_cm":445190,"minecraft:crouch_one_cm":1140,"minecraft:play_time":122154,"minecraft:deaths":1,"minecraft:sneak_time":2769,"minecraft:jump":120,"minecraft:leave_game":10,"minecraft:time_since_death":18813,"minecraft:total_world_time":165911},"minecraft:picked_up":{"minecraft:stone":3,"minecraft:oak_door":6,"minecraft:anvil":1,"minecraft:yellow_concrete":1,"minecraft:leather":2,"minecraft:lead":3,"minecraft:stone_brick_stairs":1,"minecraft:oak_log":1,"minecraft:grass_block":1,"minecraft:netherite_block":1,"minecraft:item_frame":21,"minecraft:stone_bricks":1,"minecraft:green_concrete":1,"minecraft:carved_pumpkin":92,"minecraft:red_concrete":1,"minecraft:oak_planks":1,"minecraft:cobblestone":1}},"DataVersion":3105}